You are using the XLSTAT trial version. Number of days remaining until the trial expires: 14;;;;;;;;;;;
;;;;;;;;;;;
sss;;;;;;;;;;;
Observations/variables table: Workbook = GRAB.csv / Sheet = GRAB / Range = GRAB!$A$2:$A$526 / 524 rows and 1 column;;;;;;;;;;;
Cluster rows;;;;;;;;;;;
Dissimilarity: Euclidean distance;;;;;;;;;;;
Agglomeration method: Ward's method;;;;;;;;;;;
Center: No / Reduce: No;;;;;;;;;;;
Truncation: Hartigan index (adapted);;;;;;;;;;;
;;;;;;;;;;;
;;;;;;;;;;;
;;;;;;;;;;;
;;;;;;;;;;;
Summary statistics:;;;;;;;;;;;
;;;;;;;;;;;
Variable;Observations;Obs. with missing data;Obs. without missing data;Minimum;Maximum;Mean;Std. deviation;;;;
01/12/2021;524;0;524;44532,000;45294,000;44912,824;220,179;;;;
;;;;;;;;;;;
;;;;;;;;;;;
Node statistics:;;;;;;;;;;;
;;;;;;;;;;;
Node;Level;Weight;Objects;Left son;Right son;;;;;;
1047;15295466,844;524;524;1044;1046;;;;;;
1046;6394913,138;378;378;1042;1045;;;;;;
1045;2083549,640;250;250;1041;1043;;;;;;
1044;385966,731;146;146;1035;1040;;;;;;
1043;273504,911;128;128;1036;1037;;;;;;
1042;244098,809;128;128;1033;1039;;;;;;
1041;213855,573;122;122;1031;1038;;;;;;
1040;96158,533;91;91;1027;1034;;;;;;
1039;73243,792;83;83;1029;1032;;;;;;
1038;59815,385;78;78;1028;1030;;;;;;
1037;45561,418;70;70;1024;1026;;;;;;
1036;25043,864;58;58;1018;1025;;;;;;
1035;22300,178;55;55;1016;1023;;;;;;
1034;19779,629;53;53;1017;1022;;;;;;
1033;12115,201;45;45;1009;1021;;;;;;
1032;10304,097;44;44;1008;1020;;;;;;
1031;10269,019;44;44;1003;1019;;;;;;
1030;7972,800;39;39;1007;1012;;;;;;
1029;7284,217;39;39;1006;1014;;;;;;
1028;7284,217;39;39;1004;1011;;;;;;
1027;6764,447;38;38;1001;1002;;;;;;
1026;6545,749;37;37;996;1015;;;;;;
1025;5145,000;35;35;997;1013;;;;;;
1024;4338,259;33;33;992;1005;;;;;;
1023;4140,121;31;31;993;999;;;;;;
1022;2940,000;30;30;965;1010;;;;;;
1021;2192,404;26;26;987;1000;;;;;;
1020;1837,500;25;25;981;998;;;;;;
1019;1837,500;25;25;967;995;;;;;;
1018;1671,636;23;23;954;991;;;;;;
1017;1671,636;23;23;946;990;;;;;;
1016;1604,444;24;24;942;994;;;;;;
1015;1585,237;22;22;950;989;;;;;;
1014;980,000;20;20;984;985;;;;;;
1013;980,000;20;20;977;978;;;;;;
1012;980,000;20;20;973;974;;;;;;
1011;980,000;20;20;970;971;;;;;;
1010;980,000;20;20;963;964;;;;;;
1009;863,289;19;19;957;986;;;;;;
1008;863,289;19;19;958;980;;;;;;
1007;863,289;19;19;956;972;;;;;;
1006;849,137;19;19;955;983;;;;;;
1005;849,137;19;19;951;976;;;;;;
1004;849,137;19;19;948;969;;;;;;
1003;849,137;19;19;947;966;;;;;;
1002;849,137;19;19;944;962;;;;;;
1001;849,137;19;19;943;961;;;;;;
1000;633,750;16;16;940;988;;;;;;
999;517,147;16;16;939;941;;;;;;
998;367,500;15;15;924;982;;;;;;
997;367,500;15;15;913;979;;;;;;
996;367,500;15;15;901;975;;;;;;
995;367,500;15;15;882;968;;;;;;
994;367,500;15;15;859;960;;;;;;
993;367,500;15;15;855;959;;;;;;
992;314,325;14;14;905;952;;;;;;
991;314,325;14;14;915;953;;;;;;
990;314,325;14;14;873;945;;;;;;
989;311,803;13;13;839;949;;;;;;
988;122,500;10;10;937;938;;;;;;
987;122,500;10;10;935;936;;;;;;
986;122,500;10;10;932;933;;;;;;
985;122,500;10;10;930;931;;;;;;
984;122,500;10;10;928;929;;;;;;
983;122,500;10;10;926;927;;;;;;
982;122,500;10;10;922;923;;;;;;
981;122,500;10;10;920;921;;;;;;
980;122,500;10;10;918;919;;;;;;
979;122,500;10;10;911;912;;;;;;
978;122,500;10;10;909;910;;;;;;
977;122,500;10;10;907;908;;;;;;
976;122,500;10;10;903;904;;;;;;
975;122,500;10;10;899;900;;;;;;
974;122,500;10;10;895;896;;;;;;
973;122,500;10;10;893;894;;;;;;
972;122,500;10;10;890;891;;;;;;
971;122,500;10;10;888;889;;;;;;
970;122,500;10;10;886;887;;;;;;
969;122,500;10;10;884;885;;;;;;
968;122,500;10;10;880;881;;;;;;
967;122,500;10;10;878;879;;;;;;
966;122,500;10;10;876;877;;;;;;
965;122,500;10;10;870;871;;;;;;
964;122,500;10;10;868;869;;;;;;
963;122,500;10;10;866;867;;;;;;
962;122,500;10;10;863;864;;;;;;
961;122,500;10;10;861;862;;;;;;
960;122,500;10;10;857;858;;;;;;
959;122,500;10;10;853;854;;;;;;
958;101,250;9;9;849;917;;;;;;
957;101,250;9;9;850;934;;;;;;
956;101,250;9;9;848;892;;;;;;
955;93,889;9;9;846;925;;;;;;
954;93,889;9;9;845;916;;;;;;
953;93,889;9;9;844;914;;;;;;
952;93,889;9;9;843;906;;;;;;
951;93,889;9;9;842;902;;;;;;
950;93,889;9;9;841;898;;;;;;
949;93,889;9;9;840;897;;;;;;
948;93,889;9;9;838;883;;;;;;
947;93,889;9;9;837;875;;;;;;
946;93,889;9;9;836;874;;;;;;
945;93,889;9;9;835;872;;;;;;
944;93,889;9;9;834;865;;;;;;
943;93,889;9;9;833;860;;;;;;
942;93,889;9;9;832;856;;;;;;
941;93,889;9;9;831;852;;;;;;
940;48,000;6;6;739;847;;;;;;
939;43,214;7;7;525;851;;;;;;
938;7,500;5;5;735;830;;;;;;
937;7,500;5;5;733;829;;;;;;
936;7,500;5;5;731;828;;;;;;
935;7,500;5;5;729;827;;;;;;
934;7,500;5;5;726;825;;;;;;
933;7,500;5;5;724;824;;;;;;
932;7,500;5;5;722;823;;;;;;
931;7,500;5;5;720;822;;;;;;
930;7,500;5;5;718;821;;;;;;
929;7,500;5;5;716;820;;;;;;
928;7,500;5;5;714;819;;;;;;
927;7,500;5;5;712;818;;;;;;
926;7,500;5;5;710;817;;;;;;
925;7,500;5;5;708;816;;;;;;
924;7,500;5;5;704;815;;;;;;
923;7,500;5;5;702;814;;;;;;
922;7,500;5;5;700;813;;;;;;
921;7,500;5;5;698;812;;;;;;
920;7,500;5;5;696;811;;;;;;
919;7,500;5;5;694;810;;;;;;
918;7,500;5;5;692;809;;;;;;
917;7,500;5;5;690;808;;;;;;
916;7,500;5;5;687;806;;;;;;
915;7,500;5;5;683;805;;;;;;
914;7,500;5;5;681;804;;;;;;
913;7,500;5;5;677;803;;;;;;
912;7,500;5;5;675;802;;;;;;
911;7,500;5;5;673;801;;;;;;
910;7,500;5;5;671;800;;;;;;
909;7,500;5;5;669;799;;;;;;
908;7,500;5;5;667;798;;;;;;
907;7,500;5;5;665;797;;;;;;
906;7,500;5;5;661;796;;;;;;
905;7,500;5;5;659;795;;;;;;
904;7,500;5;5;657;794;;;;;;
903;7,500;5;5;655;793;;;;;;
902;7,500;5;5;653;792;;;;;;
901;7,500;5;5;649;791;;;;;;
900;7,500;5;5;647;790;;;;;;
899;7,500;5;5;645;789;;;;;;
898;7,500;5;5;643;788;;;;;;
897;7,500;5;5;639;787;;;;;;
896;7,500;5;5;633;786;;;;;;
895;7,500;5;5;631;785;;;;;;
894;7,500;5;5;629;784;;;;;;
893;7,500;5;5;627;783;;;;;;
892;7,500;5;5;624;781;;;;;;
891;7,500;5;5;622;780;;;;;;
890;7,500;5;5;620;779;;;;;;
889;7,500;5;5;618;778;;;;;;
888;7,500;5;5;616;777;;;;;;
887;7,500;5;5;614;776;;;;;;
886;7,500;5;5;612;775;;;;;;
885;7,500;5;5;610;774;;;;;;
884;7,500;5;5;608;773;;;;;;
883;7,500;5;5;606;772;;;;;;
882;7,500;5;5;602;771;;;;;;
881;7,500;5;5;600;770;;;;;;
880;7,500;5;5;598;769;;;;;;
879;7,500;5;5;596;768;;;;;;
878;7,500;5;5;594;767;;;;;;
877;7,500;5;5;592;766;;;;;;
876;7,500;5;5;590;765;;;;;;
875;7,500;5;5;588;764;;;;;;
874;7,500;5;5;584;763;;;;;;
873;7,500;5;5;580;762;;;;;;
872;7,500;5;5;578;761;;;;;;
871;7,500;5;5;574;760;;;;;;
870;7,500;5;5;572;759;;;;;;
869;7,500;5;5;570;758;;;;;;
868;7,500;5;5;568;757;;;;;;
867;7,500;5;5;566;756;;;;;;
866;7,500;5;5;564;755;;;;;;
865;7,500;5;5;560;754;;;;;;
864;7,500;5;5;558;753;;;;;;
863;7,500;5;5;556;752;;;;;;
862;7,500;5;5;554;751;;;;;;
861;7,500;5;5;552;750;;;;;;
860;7,500;5;5;550;749;;;;;;
859;7,500;5;5;546;748;;;;;;
858;7,500;5;5;544;747;;;;;;
857;7,500;5;5;542;746;;;;;;
856;7,500;5;5;540;745;;;;;;
855;7,500;5;5;536;744;;;;;;
854;7,500;5;5;534;743;;;;;;
853;7,500;5;5;532;742;;;;;;
852;7,500;5;5;528;741;;;;;;
851;7,500;5;5;526;740;;;;;;
850;6,750;4;4;498;826;;;;;;
849;6,750;4;4;397;807;;;;;;
848;6,750;4;4;248;782;;;;;;
847;4,000;4;4;737;738;;;;;;
846;4,000;4;4;706;707;;;;;;
845;4,000;4;4;685;686;;;;;;
844;4,000;4;4;679;680;;;;;;
843;4,000;4;4;663;664;;;;;;
842;4,000;4;4;651;652;;;;;;
841;4,000;4;4;641;642;;;;;;
840;4,000;4;4;637;638;;;;;;
839;4,000;4;4;635;636;;;;;;
838;4,000;4;4;604;605;;;;;;
837;4,000;4;4;586;587;;;;;;
836;4,000;4;4;582;583;;;;;;
835;4,000;4;4;576;577;;;;;;
834;4,000;4;4;562;563;;;;;;
833;4,000;4;4;548;549;;;;;;
832;4,000;4;4;538;539;;;;;;
831;4,000;4;4;530;531;;;;;;
830;1,500;3;3;518;736;;;;;;
829;1,500;3;3;513;734;;;;;;
828;1,500;3;3;508;732;;;;;;
827;1,500;3;3;503;730;;;;;;
826;1,500;3;3;497;728;;;;;;
825;1,500;3;3;494;727;;;;;;
824;1,500;3;3;489;725;;;;;;
823;1,500;3;3;484;723;;;;;;
822;1,500;3;3;479;721;;;;;;
821;1,500;3;3;474;719;;;;;;
820;1,500;3;3;469;717;;;;;;
819;1,500;3;3;464;715;;;;;;
818;1,500;3;3;459;713;;;;;;
817;1,500;3;3;454;711;;;;;;
816;1,500;3;3;449;709;;;;;;
815;1,500;3;3;440;705;;;;;;
814;1,500;3;3;435;703;;;;;;
813;1,500;3;3;430;701;;;;;;
812;1,500;3;3;425;699;;;;;;
811;1,500;3;3;420;697;;;;;;
810;1,500;3;3;415;695;;;;;;
809;1,500;3;3;410;693;;;;;;
808;1,500;3;3;405;691;;;;;;
807;1,500;3;3;400;689;;;;;;
806;1,500;3;3;396;688;;;;;;
805;1,500;3;3;387;684;;;;;;
804;1,500;3;3;382;682;;;;;;
803;1,500;3;3;373;678;;;;;;
802;1,500;3;3;368;676;;;;;;
801;1,500;3;3;363;674;;;;;;
800;1,500;3;3;358;672;;;;;;
799;1,500;3;3;353;670;;;;;;
798;1,500;3;3;348;668;;;;;;
797;1,500;3;3;343;666;;;;;;
796;1,500;3;3;334;662;;;;;;
795;1,500;3;3;329;660;;;;;;
794;1,500;3;3;324;658;;;;;;
793;1,500;3;3;319;656;;;;;;
792;1,500;3;3;314;654;;;;;;
791;1,500;3;3;305;650;;;;;;
790;1,500;3;3;300;648;;;;;;
789;1,500;3;3;295;646;;;;;;
788;1,500;3;3;290;644;;;;;;
787;1,500;3;3;281;640;;;;;;
786;1,500;3;3;268;634;;;;;;
785;1,500;3;3;263;632;;;;;;
784;1,500;3;3;258;630;;;;;;
783;1,500;3;3;253;628;;;;;;
782;1,500;3;3;247;626;;;;;;
781;1,500;3;3;244;625;;;;;;
780;1,500;3;3;239;623;;;;;;
779;1,500;3;3;234;621;;;;;;
778;1,500;3;3;229;619;;;;;;
777;1,500;3;3;224;617;;;;;;
776;1,500;3;3;219;615;;;;;;
775;1,500;3;3;214;613;;;;;;
774;1,500;3;3;209;611;;;;;;
773;1,500;3;3;204;609;;;;;;
772;1,500;3;3;199;607;;;;;;
771;1,500;3;3;190;603;;;;;;
770;1,500;3;3;185;601;;;;;;
769;1,500;3;3;180;599;;;;;;
768;1,500;3;3;175;597;;;;;;
767;1,500;3;3;170;595;;;;;;
766;1,500;3;3;165;593;;;;;;
765;1,500;3;3;160;591;;;;;;
764;1,500;3;3;155;589;;;;;;
763;1,500;3;3;146;585;;;;;;
762;1,500;3;3;137;581;;;;;;
761;1,500;3;3;132;579;;;;;;
760;1,500;3;3;123;575;;;;;;
759;1,500;3;3;118;573;;;;;;
758;1,500;3;3;113;571;;;;;;
757;1,500;3;3;108;569;;;;;;
756;1,500;3;3;103;567;;;;;;
755;1,500;3;3;98;565;;;;;;
754;1,500;3;3;89;561;;;;;;
753;1,500;3;3;84;559;;;;;;
752;1,500;3;3;79;557;;;;;;
751;1,500;3;3;74;555;;;;;;
750;1,500;3;3;69;553;;;;;;
749;1,500;3;3;64;551;;;;;;
748;1,500;3;3;55;547;;;;;;
747;1,500;3;3;50;545;;;;;;
746;1,500;3;3;45;543;;;;;;
745;1,500;3;3;40;541;;;;;;
744;1,500;3;3;31;537;;;;;;
743;1,500;3;3;26;535;;;;;;
742;1,500;3;3;21;533;;;;;;
741;1,500;3;3;12;529;;;;;;
740;1,500;3;3;7;527;;;;;;
739;0,500;2;2;523;524;;;;;;
738;0,500;2;2;521;522;;;;;;
737;0,500;2;2;519;520;;;;;;
736;0,500;2;2;516;517;;;;;;
735;0,500;2;2;514;515;;;;;;
734;0,500;2;2;511;512;;;;;;
733;0,500;2;2;509;510;;;;;;
732;0,500;2;2;506;507;;;;;;
731;0,500;2;2;504;505;;;;;;
730;0,500;2;2;501;502;;;;;;
729;0,500;2;2;499;500;;;;;;
728;0,500;2;2;495;496;;;;;;
727;0,500;2;2;492;493;;;;;;
726;0,500;2;2;490;491;;;;;;
725;0,500;2;2;487;488;;;;;;
724;0,500;2;2;485;486;;;;;;
723;0,500;2;2;482;483;;;;;;
722;0,500;2;2;480;481;;;;;;
721;0,500;2;2;477;478;;;;;;
720;0,500;2;2;475;476;;;;;;
719;0,500;2;2;472;473;;;;;;
718;0,500;2;2;470;471;;;;;;
717;0,500;2;2;467;468;;;;;;
716;0,500;2;2;465;466;;;;;;
715;0,500;2;2;462;463;;;;;;
714;0,500;2;2;460;461;;;;;;
713;0,500;2;2;457;458;;;;;;
712;0,500;2;2;455;456;;;;;;
711;0,500;2;2;452;453;;;;;;
710;0,500;2;2;450;451;;;;;;
709;0,500;2;2;447;448;;;;;;
708;0,500;2;2;445;446;;;;;;
707;0,500;2;2;443;444;;;;;;
706;0,500;2;2;441;442;;;;;;
705;0,500;2;2;438;439;;;;;;
704;0,500;2;2;436;437;;;;;;
703;0,500;2;2;433;434;;;;;;
702;0,500;2;2;431;432;;;;;;
701;0,500;2;2;428;429;;;;;;
700;0,500;2;2;426;427;;;;;;
699;0,500;2;2;423;424;;;;;;
698;0,500;2;2;421;422;;;;;;
697;0,500;2;2;418;419;;;;;;
696;0,500;2;2;416;417;;;;;;
695;0,500;2;2;413;414;;;;;;
694;0,500;2;2;411;412;;;;;;
693;0,500;2;2;408;409;;;;;;
692;0,500;2;2;406;407;;;;;;
691;0,500;2;2;403;404;;;;;;
690;0,500;2;2;401;402;;;;;;
689;0,500;2;2;398;399;;;;;;
688;0,500;2;2;394;395;;;;;;
687;0,500;2;2;392;393;;;;;;
686;0,500;2;2;390;391;;;;;;
685;0,500;2;2;388;389;;;;;;
684;0,500;2;2;385;386;;;;;;
683;0,500;2;2;383;384;;;;;;
682;0,500;2;2;380;381;;;;;;
681;0,500;2;2;378;379;;;;;;
680;0,500;2;2;376;377;;;;;;
679;0,500;2;2;374;375;;;;;;
678;0,500;2;2;371;372;;;;;;
677;0,500;2;2;369;370;;;;;;
676;0,500;2;2;366;367;;;;;;
675;0,500;2;2;364;365;;;;;;
674;0,500;2;2;361;362;;;;;;
673;0,500;2;2;359;360;;;;;;
672;0,500;2;2;356;357;;;;;;
671;0,500;2;2;354;355;;;;;;
670;0,500;2;2;351;352;;;;;;
669;0,500;2;2;349;350;;;;;;
668;0,500;2;2;346;347;;;;;;
667;0,500;2;2;344;345;;;;;;
666;0,500;2;2;341;342;;;;;;
665;0,500;2;2;339;340;;;;;;
664;0,500;2;2;337;338;;;;;;
663;0,500;2;2;335;336;;;;;;
662;0,500;2;2;332;333;;;;;;
661;0,500;2;2;330;331;;;;;;
660;0,500;2;2;327;328;;;;;;
659;0,500;2;2;325;326;;;;;;
658;0,500;2;2;322;323;;;;;;
657;0,500;2;2;320;321;;;;;;
656;0,500;2;2;317;318;;;;;;
655;0,500;2;2;315;316;;;;;;
654;0,500;2;2;312;313;;;;;;
653;0,500;2;2;310;311;;;;;;
652;0,500;2;2;308;309;;;;;;
651;0,500;2;2;306;307;;;;;;
650;0,500;2;2;303;304;;;;;;
649;0,500;2;2;301;302;;;;;;
648;0,500;2;2;298;299;;;;;;
647;0,500;2;2;296;297;;;;;;
646;0,500;2;2;293;294;;;;;;
645;0,500;2;2;291;292;;;;;;
644;0,500;2;2;288;289;;;;;;
643;0,500;2;2;286;287;;;;;;
642;0,500;2;2;284;285;;;;;;
641;0,500;2;2;282;283;;;;;;
640;0,500;2;2;279;280;;;;;;
639;0,500;2;2;277;278;;;;;;
638;0,500;2;2;275;276;;;;;;
637;0,500;2;2;273;274;;;;;;
636;0,500;2;2;271;272;;;;;;
635;0,500;2;2;269;270;;;;;;
634;0,500;2;2;266;267;;;;;;
633;0,500;2;2;264;265;;;;;;
632;0,500;2;2;261;262;;;;;;
631;0,500;2;2;259;260;;;;;;
630;0,500;2;2;256;257;;;;;;
629;0,500;2;2;254;255;;;;;;
628;0,500;2;2;251;252;;;;;;
627;0,500;2;2;249;250;;;;;;
626;0,500;2;2;245;246;;;;;;
625;0,500;2;2;242;243;;;;;;
624;0,500;2;2;240;241;;;;;;
623;0,500;2;2;237;238;;;;;;
622;0,500;2;2;235;236;;;;;;
621;0,500;2;2;232;233;;;;;;
620;0,500;2;2;230;231;;;;;;
619;0,500;2;2;227;228;;;;;;
618;0,500;2;2;225;226;;;;;;
617;0,500;2;2;222;223;;;;;;
616;0,500;2;2;220;221;;;;;;
615;0,500;2;2;217;218;;;;;;
614;0,500;2;2;215;216;;;;;;
613;0,500;2;2;212;213;;;;;;
612;0,500;2;2;210;211;;;;;;
611;0,500;2;2;207;208;;;;;;
610;0,500;2;2;205;206;;;;;;
609;0,500;2;2;202;203;;;;;;
608;0,500;2;2;200;201;;;;;;
607;0,500;2;2;197;198;;;;;;
606;0,500;2;2;195;196;;;;;;
605;0,500;2;2;193;194;;;;;;
604;0,500;2;2;191;192;;;;;;
603;0,500;2;2;188;189;;;;;;
602;0,500;2;2;186;187;;;;;;
601;0,500;2;2;183;184;;;;;;
600;0,500;2;2;181;182;;;;;;
599;0,500;2;2;178;179;;;;;;
598;0,500;2;2;176;177;;;;;;
597;0,500;2;2;173;174;;;;;;
596;0,500;2;2;171;172;;;;;;
595;0,500;2;2;168;169;;;;;;
594;0,500;2;2;166;167;;;;;;
593;0,500;2;2;163;164;;;;;;
592;0,500;2;2;161;162;;;;;;
591;0,500;2;2;158;159;;;;;;
590;0,500;2;2;156;157;;;;;;
589;0,500;2;2;153;154;;;;;;
588;0,500;2;2;151;152;;;;;;
587;0,500;2;2;149;150;;;;;;
586;0,500;2;2;147;148;;;;;;
585;0,500;2;2;144;145;;;;;;
584;0,500;2;2;142;143;;;;;;
583;0,500;2;2;140;141;;;;;;
582;0,500;2;2;138;139;;;;;;
581;0,500;2;2;135;136;;;;;;
580;0,500;2;2;133;134;;;;;;
579;0,500;2;2;130;131;;;;;;
578;0,500;2;2;128;129;;;;;;
577;0,500;2;2;126;127;;;;;;
576;0,500;2;2;124;125;;;;;;
575;0,500;2;2;121;122;;;;;;
574;0,500;2;2;119;120;;;;;;
573;0,500;2;2;116;117;;;;;;
572;0,500;2;2;114;115;;;;;;
571;0,500;2;2;111;112;;;;;;
570;0,500;2;2;109;110;;;;;;
569;0,500;2;2;106;107;;;;;;
568;0,500;2;2;104;105;;;;;;
567;0,500;2;2;101;102;;;;;;
566;0,500;2;2;99;100;;;;;;
565;0,500;2;2;96;97;;;;;;
564;0,500;2;2;94;95;;;;;;
563;0,500;2;2;92;93;;;;;;
562;0,500;2;2;90;91;;;;;;
561;0,500;2;2;87;88;;;;;;
560;0,500;2;2;85;86;;;;;;
559;0,500;2;2;82;83;;;;;;
558;0,500;2;2;80;81;;;;;;
557;0,500;2;2;77;78;;;;;;
556;0,500;2;2;75;76;;;;;;
555;0,500;2;2;72;73;;;;;;
554;0,500;2;2;70;71;;;;;;
553;0,500;2;2;67;68;;;;;;
552;0,500;2;2;65;66;;;;;;
551;0,500;2;2;62;63;;;;;;
550;0,500;2;2;60;61;;;;;;
549;0,500;2;2;58;59;;;;;;
548;0,500;2;2;56;57;;;;;;
547;0,500;2;2;53;54;;;;;;
546;0,500;2;2;51;52;;;;;;
545;0,500;2;2;48;49;;;;;;
544;0,500;2;2;46;47;;;;;;
543;0,500;2;2;43;44;;;;;;
542;0,500;2;2;41;42;;;;;;
541;0,500;2;2;38;39;;;;;;
540;0,500;2;2;36;37;;;;;;
539;0,500;2;2;34;35;;;;;;
538;0,500;2;2;32;33;;;;;;
537;0,500;2;2;29;30;;;;;;
536;0,500;2;2;27;28;;;;;;
535;0,500;2;2;24;25;;;;;;
534;0,500;2;2;22;23;;;;;;
533;0,500;2;2;19;20;;;;;;
532;0,500;2;2;17;18;;;;;;
531;0,500;2;2;15;16;;;;;;
530;0,500;2;2;13;14;;;;;;
529;0,500;2;2;10;11;;;;;;
528;0,500;2;2;8;9;;;;;;
527;0,500;2;2;5;6;;;;;;
526;0,500;2;2;3;4;;;;;;
525;0,500;2;2;1;2;;;;;;
;;;;;;;;;;;
;;;;;;;;;;;
;;;;;;;;;;;
;;;;;;;;;;;
;;;;;;;;;;;
;;;;;;;;;;;
;;;;;;;;;;;
;;;;;;;;;;;
;;;;;;;;;;;
;;;;;;;;;;;
;;;;;;;;;;;
;;;;;;;;;;;
;;;;;;;;;;;
;;;;;;;;;;;
;;;;;;;;;;;
;;;;;;;;;;;
;;;;;;;;;;;
;;;;;;;;;;;
;;;;;;;;;;;
;;;;; ;;;;;;
;;;;;;;;;;;
;;;;;;;;;;;
Evolution of indices:;;;;;;;;;;;
;;;;;;;;;;;
Number of clusters;2;3;4;5;;;;;;;
Silhouette index;0,520;0,529;0,571;0,546;;;;;;;
Hartigan index (H);909,308;685,509;167,695;153,824;;;;;;;
H(k-1) - H(k);-115,565;223,799;517,814;13,871;;;;;;;
Calinski & Harabasz index;793,743;1542,104;2607,288;2624,248;;;;;;;
;;;;;;;;;;;
;;;;;;;;;;;
Agglomerative hierarchical clustering (AHC) / Number of clusters = 4:;;;;;;;;;;;
;;;;;;;;;;;
;;;;;;;;;;;
;;;;;;;;;;;
;;;;;;;;;;;
;;;;;;;;;;;
;;;;;;;;;;;
;;;;;;;;;;;
;;;;;;;;;;;
;;;;;;;;;;;
;;;;;;;;;;;
;;;;;;;;;;;
;;;;;;;;;;;
;;;;;;;;;;;
;;;;;;;;;;;
;;;;;;;;;;;
;;;;;;;;;;;
;;;;;;;;;;;
;;;;;;;;;;;
;;;;; ;;;;;;
;;;;;;;;;;;
;;;;;;;;;;;
;;;;;;;;;;;
;;;;;;;;;;;
;;;;;;;;;;;
;;;;;;;;;;;
;;;;;;;;;;;
;;;;;;;;;;;
;;;;;;;;;;;
;;;;;;;;;;;
;;;;;;;;;;;
;;;;;;;;;;;
;;;;;;;;;;;
;;;;;;;;;;;
;;;;;;;;;;;
;;;;;;;;;;;
;;;;;;;;;;;
;;;;;;;;;;;
;;;;;;;;;;;
;;;;; ;;;;;;
;;;;;;;;;;;
;;;;;;;;;;;
Inertia decomposition for the optimal classification:;;;;;;;;;;;
;;;;;;;;;;;
;Absolute;Percent;;;;;;;;;
Within-cluster;1580498,225;6,23%;;;;;;;;;
Between-clusters;23773929,623;93,77%;;;;;;;;;
Total inertia;25354427,847;100,00%;;;;;;;;;
;;;;;;;;;;;
;;;;;;;;;;;
Cluster centroids:;;;;;;;;;;;
;;;;;;;;;;;
Cluster;01/12/2021;Sum of weights;Within-cluster variance;;;;;;;;
1;44637,918;146,000;3774,517;;;;;;;;
2;44832,426;122,000;2541,767;;;;;;;;
3;45015,063;128,000;2900,091;;;;;;;;
4;45200,781;128,000;2813,605;;;;;;;;
;;;;;;;;;;;
;;;;;;;;;;;
Distances between the cluster centroids:;;;;;;;;;;;
;;;;;;;;;;;
;1;2;3;4;;;;;;;
1;0;194,508;377,145;562,863;;;;;;;
2;194,508;0;182,636;368,355;;;;;;;
3;377,145;182,636;0;185,719;;;;;;;
4;562,863;368,355;185,719;0;;;;;;;
;;;;;;;;;;;
;;;;;;;;;;;
Central objects:;;;;;;;;;;;
;;;;;;;;;;;
Cluster;01/12/2021;;;;;;;;;;
1 (Obs74);44638,000;;;;;;;;;;
2 (Obs207);44832,000;;;;;;;;;;
3 (Obs333);45015,000;;;;;;;;;;
4 (Obs460);45201,000;;;;;;;;;;
;;;;;;;;;;;
;;;;;;;;;;;
Distances between the central objects:;;;;;;;;;;;
;;;;;;;;;;;
;1 (Obs74);2 (Obs207);3 (Obs333);4 (Obs460);;;;;;;
1 (Obs74);0;194,000;377,000;563,000;;;;;;;
2 (Obs207);194,000;0;183,000;369,000;;;;;;;
3 (Obs333);377,000;183,000;0;186,000;;;;;;;
4 (Obs460);563,000;369,000;186,000;0;;;;;;;
;;;;;;;;;;;
;;;;;;;;;;;
Results by cluster:;;;;;;;;;;;
;;;;;;;;;;;
Cluster;1;2;3;4;;;;;;;
Number of objects by cluster;146;122;128;128;;;;;;;
Sum of weights;146;122;128;128;;;;;;;
Within-cluster variance;3774,517;2541,767;2900,091;2813,605;;;;;;;
Minimum distance to centroid;0,082;0,426;0,062;0,219;;;;;;;
Average distance to centroid;52,890;43,443;46,376;45,675;;;;;;;
Maximum distance to centroid;105,918;85,574;93,062;93,219;;;;;;;
;Obs1;Obs147;Obs269;Obs397;;;;;;;
;Obs2;Obs148;Obs270;Obs398;;;;;;;
;Obs3;Obs149;Obs271;Obs399;;;;;;;
;Obs4;Obs150;Obs272;Obs400;;;;;;;
;Obs5;Obs151;Obs273;Obs401;;;;;;;
;Obs6;Obs152;Obs274;Obs402;;;;;;;
;Obs7;Obs153;Obs275;Obs403;;;;;;;
;Obs8;Obs154;Obs276;Obs404;;;;;;;
;Obs9;Obs155;Obs277;Obs405;;;;;;;
;Obs10;Obs156;Obs278;Obs406;;;;;;;
;Obs11;Obs157;Obs279;Obs407;;;;;;;
;Obs12;Obs158;Obs280;Obs408;;;;;;;
;Obs13;Obs159;Obs281;Obs409;;;;;;;
;Obs14;Obs160;Obs282;Obs410;;;;;;;
;Obs15;Obs161;Obs283;Obs411;;;;;;;
;Obs16;Obs162;Obs284;Obs412;;;;;;;
;Obs17;Obs163;Obs285;Obs413;;;;;;;
;Obs18;Obs164;Obs286;Obs414;;;;;;;
;Obs19;Obs165;Obs287;Obs415;;;;;;;
;Obs20;Obs166;Obs288;Obs416;;;;;;;
;Obs21;Obs167;Obs289;Obs417;;;;;;;
;Obs22;Obs168;Obs290;Obs418;;;;;;;
;Obs23;Obs169;Obs291;Obs419;;;;;;;
;Obs24;Obs170;Obs292;Obs420;;;;;;;
;Obs25;Obs171;Obs293;Obs421;;;;;;;
;Obs26;Obs172;Obs294;Obs422;;;;;;;
;Obs27;Obs173;Obs295;Obs423;;;;;;;
;Obs28;Obs174;Obs296;Obs424;;;;;;;
;Obs29;Obs175;Obs297;Obs425;;;;;;;
;Obs30;Obs176;Obs298;Obs426;;;;;;;
;Obs31;Obs177;Obs299;Obs427;;;;;;;
;Obs32;Obs178;Obs300;Obs428;;;;;;;
;Obs33;Obs179;Obs301;Obs429;;;;;;;
;Obs34;Obs180;Obs302;Obs430;;;;;;;
;Obs35;Obs181;Obs303;Obs431;;;;;;;
;Obs36;Obs182;Obs304;Obs432;;;;;;;
;Obs37;Obs183;Obs305;Obs433;;;;;;;
;Obs38;Obs184;Obs306;Obs434;;;;;;;
;Obs39;Obs185;Obs307;Obs435;;;;;;;
;Obs40;Obs186;Obs308;Obs436;;;;;;;
;Obs41;Obs187;Obs309;Obs437;;;;;;;
;Obs42;Obs188;Obs310;Obs438;;;;;;;
;Obs43;Obs189;Obs311;Obs439;;;;;;;
;Obs44;Obs190;Obs312;Obs440;;;;;;;
;Obs45;Obs191;Obs313;Obs441;;;;;;;
;Obs46;Obs192;Obs314;Obs442;;;;;;;
;Obs47;Obs193;Obs315;Obs443;;;;;;;
;Obs48;Obs194;Obs316;Obs444;;;;;;;
;Obs49;Obs195;Obs317;Obs445;;;;;;;
;Obs50;Obs196;Obs318;Obs446;;;;;;;
;Obs51;Obs197;Obs319;Obs447;;;;;;;
;Obs52;Obs198;Obs320;Obs448;;;;;;;
;Obs53;Obs199;Obs321;Obs449;;;;;;;
;Obs54;Obs200;Obs322;Obs450;;;;;;;
;Obs55;Obs201;Obs323;Obs451;;;;;;;
;Obs56;Obs202;Obs324;Obs452;;;;;;;
;Obs57;Obs203;Obs325;Obs453;;;;;;;
;Obs58;Obs204;Obs326;Obs454;;;;;;;
;Obs59;Obs205;Obs327;Obs455;;;;;;;
;Obs60;Obs206;Obs328;Obs456;;;;;;;
;Obs61;Obs207;Obs329;Obs457;;;;;;;
;Obs62;Obs208;Obs330;Obs458;;;;;;;
;Obs63;Obs209;Obs331;Obs459;;;;;;;
;Obs64;Obs210;Obs332;Obs460;;;;;;;
;Obs65;Obs211;Obs333;Obs461;;;;;;;
;Obs66;Obs212;Obs334;Obs462;;;;;;;
;Obs67;Obs213;Obs335;Obs463;;;;;;;
;Obs68;Obs214;Obs336;Obs464;;;;;;;
;Obs69;Obs215;Obs337;Obs465;;;;;;;
;Obs70;Obs216;Obs338;Obs466;;;;;;;
;Obs71;Obs217;Obs339;Obs467;;;;;;;
;Obs72;Obs218;Obs340;Obs468;;;;;;;
;Obs73;Obs219;Obs341;Obs469;;;;;;;
;Obs74;Obs220;Obs342;Obs470;;;;;;;
;Obs75;Obs221;Obs343;Obs471;;;;;;;
;Obs76;Obs222;Obs344;Obs472;;;;;;;
;Obs77;Obs223;Obs345;Obs473;;;;;;;
;Obs78;Obs224;Obs346;Obs474;;;;;;;
;Obs79;Obs225;Obs347;Obs475;;;;;;;
;Obs80;Obs226;Obs348;Obs476;;;;;;;
;Obs81;Obs227;Obs349;Obs477;;;;;;;
;Obs82;Obs228;Obs350;Obs478;;;;;;;
;Obs83;Obs229;Obs351;Obs479;;;;;;;
;Obs84;Obs230;Obs352;Obs480;;;;;;;
;Obs85;Obs231;Obs353;Obs481;;;;;;;
;Obs86;Obs232;Obs354;Obs482;;;;;;;
;Obs87;Obs233;Obs355;Obs483;;;;;;;
;Obs88;Obs234;Obs356;Obs484;;;;;;;
;Obs89;Obs235;Obs357;Obs485;;;;;;;
;Obs90;Obs236;Obs358;Obs486;;;;;;;
;Obs91;Obs237;Obs359;Obs487;;;;;;;
;Obs92;Obs238;Obs360;Obs488;;;;;;;
;Obs93;Obs239;Obs361;Obs489;;;;;;;
;Obs94;Obs240;Obs362;Obs490;;;;;;;
;Obs95;Obs241;Obs363;Obs491;;;;;;;
;Obs96;Obs242;Obs364;Obs492;;;;;;;
;Obs97;Obs243;Obs365;Obs493;;;;;;;
;Obs98;Obs244;Obs366;Obs494;;;;;;;
;Obs99;Obs245;Obs367;Obs495;;;;;;;
;Obs100;Obs246;Obs368;Obs496;;;;;;;
;Obs101;Obs247;Obs369;Obs497;;;;;;;
;Obs102;Obs248;Obs370;Obs498;;;;;;;
;Obs103;Obs249;Obs371;Obs499;;;;;;;
;Obs104;Obs250;Obs372;Obs500;;;;;;;
;Obs105;Obs251;Obs373;Obs501;;;;;;;
;Obs106;Obs252;Obs374;Obs502;;;;;;;
;Obs107;Obs253;Obs375;Obs503;;;;;;;
;Obs108;Obs254;Obs376;Obs504;;;;;;;
;Obs109;Obs255;Obs377;Obs505;;;;;;;
;Obs110;Obs256;Obs378;Obs506;;;;;;;
;Obs111;Obs257;Obs379;Obs507;;;;;;;
;Obs112;Obs258;Obs380;Obs508;;;;;;;
;Obs113;Obs259;Obs381;Obs509;;;;;;;
;Obs114;Obs260;Obs382;Obs510;;;;;;;
;Obs115;Obs261;Obs383;Obs511;;;;;;;
;Obs116;Obs262;Obs384;Obs512;;;;;;;
;Obs117;Obs263;Obs385;Obs513;;;;;;;
;Obs118;Obs264;Obs386;Obs514;;;;;;;
;Obs119;Obs265;Obs387;Obs515;;;;;;;
;Obs120;Obs266;Obs388;Obs516;;;;;;;
;Obs121;Obs267;Obs389;Obs517;;;;;;;
;Obs122;Obs268;Obs390;Obs518;;;;;;;
;Obs123;;Obs391;Obs519;;;;;;;
;Obs124;;Obs392;Obs520;;;;;;;
;Obs125;;Obs393;Obs521;;;;;;;
;Obs126;;Obs394;Obs522;;;;;;;
;Obs127;;Obs395;Obs523;;;;;;;
;Obs128;;Obs396;Obs524;;;;;;;
;Obs129;;;;;;;;;;
;Obs130;;;;;;;;;;
;Obs131;;;;;;;;;;
;Obs132;;;;;;;;;;
;Obs133;;;;;;;;;;
;Obs134;;;;;;;;;;
;Obs135;;;;;;;;;;
;Obs136;;;;;;;;;;
;Obs137;;;;;;;;;;
;Obs138;;;;;;;;;;
;Obs139;;;;;;;;;;
;Obs140;;;;;;;;;;
;Obs141;;;;;;;;;;
;Obs142;;;;;;;;;;
;Obs143;;;;;;;;;;
;Obs144;;;;;;;;;;
;Obs145;;;;;;;;;;
;Obs146;;;;;;;;;;
;;;;;;;;;;;
;;;;;;;;;;;
Results by object:;;;;;;;;;;;
;;;;;;;;;;;
Observation;Cluster;Distance to centroid;;;;;;;;;
Obs1;1;105,918;;;;;;;;;
Obs2;1;104,918;;;;;;;;;
Obs3;1;101,918;;;;;;;;;
Obs4;1;100,918;;;;;;;;;
Obs5;1;99,918;;;;;;;;;
Obs6;1;98,918;;;;;;;;;
Obs7;1;97,918;;;;;;;;;
Obs8;1;94,918;;;;;;;;;
Obs9;1;93,918;;;;;;;;;
Obs10;1;92,918;;;;;;;;;
Obs11;1;91,918;;;;;;;;;
Obs12;1;90,918;;;;;;;;;
Obs13;1;87,918;;;;;;;;;
Obs14;1;86,918;;;;;;;;;
Obs15;1;85,918;;;;;;;;;
Obs16;1;84,918;;;;;;;;;
Obs17;1;80,918;;;;;;;;;
Obs18;1;79,918;;;;;;;;;
Obs19;1;78,918;;;;;;;;;
Obs20;1;77,918;;;;;;;;;
Obs21;1;76,918;;;;;;;;;
Obs22;1;73,918;;;;;;;;;
Obs23;1;72,918;;;;;;;;;
Obs24;1;71,918;;;;;;;;;
Obs25;1;70,918;;;;;;;;;
Obs26;1;69,918;;;;;;;;;
Obs27;1;66,918;;;;;;;;;
Obs28;1;65,918;;;;;;;;;
Obs29;1;64,918;;;;;;;;;
Obs30;1;63,918;;;;;;;;;
Obs31;1;62,918;;;;;;;;;
Obs32;1;58,918;;;;;;;;;
Obs33;1;57,918;;;;;;;;;
Obs34;1;56,918;;;;;;;;;
Obs35;1;55,918;;;;;;;;;
Obs36;1;52,918;;;;;;;;;
Obs37;1;51,918;;;;;;;;;
Obs38;1;50,918;;;;;;;;;
Obs39;1;49,918;;;;;;;;;
Obs40;1;48,918;;;;;;;;;
Obs41;1;45,918;;;;;;;;;
Obs42;1;44,918;;;;;;;;;
Obs43;1;43,918;;;;;;;;;
Obs44;1;42,918;;;;;;;;;
Obs45;1;41,918;;;;;;;;;
Obs46;1;38,918;;;;;;;;;
Obs47;1;37,918;;;;;;;;;
Obs48;1;36,918;;;;;;;;;
Obs49;1;35,918;;;;;;;;;
Obs50;1;34,918;;;;;;;;;
Obs51;1;31,918;;;;;;;;;
Obs52;1;30,918;;;;;;;;;
Obs53;1;29,918;;;;;;;;;
Obs54;1;28,918;;;;;;;;;
Obs55;1;27,918;;;;;;;;;
Obs56;1;23,918;;;;;;;;;
Obs57;1;22,918;;;;;;;;;
Obs58;1;21,918;;;;;;;;;
Obs59;1;20,918;;;;;;;;;
Obs60;1;17,918;;;;;;;;;
Obs61;1;16,918;;;;;;;;;
Obs62;1;15,918;;;;;;;;;
Obs63;1;14,918;;;;;;;;;
Obs64;1;13,918;;;;;;;;;
Obs65;1;10,918;;;;;;;;;
Obs66;1;9,918;;;;;;;;;
Obs67;1;8,918;;;;;;;;;
Obs68;1;7,918;;;;;;;;;
Obs69;1;6,918;;;;;;;;;
Obs70;1;3,918;;;;;;;;;
Obs71;1;2,918;;;;;;;;;
Obs72;1;1,918;;;;;;;;;
Obs73;1;0,918;;;;;;;;;
Obs74;1;0,082;;;;;;;;;
Obs75;1;3,082;;;;;;;;;
Obs76;1;4,082;;;;;;;;;
Obs77;1;5,082;;;;;;;;;
Obs78;1;6,082;;;;;;;;;
Obs79;1;7,082;;;;;;;;;
Obs80;1;10,082;;;;;;;;;
Obs81;1;11,082;;;;;;;;;
Obs82;1;12,082;;;;;;;;;
Obs83;1;13,082;;;;;;;;;
Obs84;1;14,082;;;;;;;;;
Obs85;1;17,082;;;;;;;;;
Obs86;1;18,082;;;;;;;;;
Obs87;1;19,082;;;;;;;;;
Obs88;1;20,082;;;;;;;;;
Obs89;1;21,082;;;;;;;;;
Obs90;1;24,082;;;;;;;;;
Obs91;1;25,082;;;;;;;;;
Obs92;1;26,082;;;;;;;;;
Obs93;1;27,082;;;;;;;;;
Obs94;1;31,082;;;;;;;;;
Obs95;1;32,082;;;;;;;;;
Obs96;1;33,082;;;;;;;;;
Obs97;1;34,082;;;;;;;;;
Obs98;1;35,082;;;;;;;;;
Obs99;1;38,082;;;;;;;;;
Obs100;1;39,082;;;;;;;;;
Obs101;1;40,082;;;;;;;;;
Obs102;1;41,082;;;;;;;;;
Obs103;1;42,082;;;;;;;;;
Obs104;1;45,082;;;;;;;;;
Obs105;1;46,082;;;;;;;;;
Obs106;1;47,082;;;;;;;;;
Obs107;1;48,082;;;;;;;;;
Obs108;1;49,082;;;;;;;;;
Obs109;1;52,082;;;;;;;;;
Obs110;1;53,082;;;;;;;;;
Obs111;1;54,082;;;;;;;;;
Obs112;1;55,082;;;;;;;;;
Obs113;1;56,082;;;;;;;;;
Obs114;1;59,082;;;;;;;;;
Obs115;1;60,082;;;;;;;;;
Obs116;1;61,082;;;;;;;;;
Obs117;1;62,082;;;;;;;;;
Obs118;1;63,082;;;;;;;;;
Obs119;1;66,082;;;;;;;;;
Obs120;1;67,082;;;;;;;;;
Obs121;1;68,082;;;;;;;;;
Obs122;1;69,082;;;;;;;;;
Obs123;1;70,082;;;;;;;;;
Obs124;1;74,082;;;;;;;;;
Obs125;1;75,082;;;;;;;;;
Obs126;1;76,082;;;;;;;;;
Obs127;1;77,082;;;;;;;;;
Obs128;1;80,082;;;;;;;;;
Obs129;1;81,082;;;;;;;;;
Obs130;1;82,082;;;;;;;;;
Obs131;1;83,082;;;;;;;;;
Obs132;1;84,082;;;;;;;;;
Obs133;1;87,082;;;;;;;;;
Obs134;1;88,082;;;;;;;;;
Obs135;1;89,082;;;;;;;;;
Obs136;1;90,082;;;;;;;;;
Obs137;1;91,082;;;;;;;;;
Obs138;1;95,082;;;;;;;;;
Obs139;1;96,082;;;;;;;;;
Obs140;1;97,082;;;;;;;;;
Obs141;1;98,082;;;;;;;;;
Obs142;1;101,082;;;;;;;;;
Obs143;1;102,082;;;;;;;;;
Obs144;1;103,082;;;;;;;;;
Obs145;1;104,082;;;;;;;;;
Obs146;1;105,082;;;;;;;;;
Obs147;2;85,426;;;;;;;;;
Obs148;2;84,426;;;;;;;;;
Obs149;2;83,426;;;;;;;;;
Obs150;2;82,426;;;;;;;;;
Obs151;2;79,426;;;;;;;;;
Obs152;2;78,426;;;;;;;;;
Obs153;2;77,426;;;;;;;;;
Obs154;2;76,426;;;;;;;;;
Obs155;2;75,426;;;;;;;;;
Obs156;2;72,426;;;;;;;;;
Obs157;2;71,426;;;;;;;;;
Obs158;2;70,426;;;;;;;;;
Obs159;2;69,426;;;;;;;;;
Obs160;2;68,426;;;;;;;;;
Obs161;2;65,426;;;;;;;;;
Obs162;2;64,426;;;;;;;;;
Obs163;2;63,426;;;;;;;;;
Obs164;2;62,426;;;;;;;;;
Obs165;2;61,426;;;;;;;;;
Obs166;2;58,426;;;;;;;;;
Obs167;2;57,426;;;;;;;;;
Obs168;2;56,426;;;;;;;;;
Obs169;2;55,426;;;;;;;;;
Obs170;2;54,426;;;;;;;;;
Obs171;2;51,426;;;;;;;;;
Obs172;2;50,426;;;;;;;;;
Obs173;2;49,426;;;;;;;;;
Obs174;2;48,426;;;;;;;;;
Obs175;2;47,426;;;;;;;;;
Obs176;2;44,426;;;;;;;;;
Obs177;2;43,426;;;;;;;;;
Obs178;2;42,426;;;;;;;;;
Obs179;2;41,426;;;;;;;;;
Obs180;2;40,426;;;;;;;;;
Obs181;2;37,426;;;;;;;;;
Obs182;2;36,426;;;;;;;;;
Obs183;2;35,426;;;;;;;;;
Obs184;2;34,426;;;;;;;;;
Obs185;2;33,426;;;;;;;;;
Obs186;2;30,426;;;;;;;;;
Obs187;2;29,426;;;;;;;;;
Obs188;2;28,426;;;;;;;;;
Obs189;2;27,426;;;;;;;;;
Obs190;2;26,426;;;;;;;;;
Obs191;2;22,426;;;;;;;;;
Obs192;2;21,426;;;;;;;;;
Obs193;2;20,426;;;;;;;;;
Obs194;2;19,426;;;;;;;;;
Obs195;2;16,426;;;;;;;;;
Obs196;2;15,426;;;;;;;;;
Obs197;2;14,426;;;;;;;;;
Obs198;2;13,426;;;;;;;;;
Obs199;2;12,426;;;;;;;;;
Obs200;2;9,426;;;;;;;;;
Obs201;2;8,426;;;;;;;;;
Obs202;2;7,426;;;;;;;;;
Obs203;2;6,426;;;;;;;;;
Obs204;2;5,426;;;;;;;;;
Obs205;2;2,426;;;;;;;;;
Obs206;2;1,426;;;;;;;;;
Obs207;2;0,426;;;;;;;;;
Obs208;2;0,574;;;;;;;;;
Obs209;2;1,574;;;;;;;;;
Obs210;2;4,574;;;;;;;;;
Obs211;2;5,574;;;;;;;;;
Obs212;2;6,574;;;;;;;;;
Obs213;2;7,574;;;;;;;;;
Obs214;2;8,574;;;;;;;;;
Obs215;2;11,574;;;;;;;;;
Obs216;2;12,574;;;;;;;;;
Obs217;2;13,574;;;;;;;;;
Obs218;2;14,574;;;;;;;;;
Obs219;2;15,574;;;;;;;;;
Obs220;2;18,574;;;;;;;;;
Obs221;2;19,574;;;;;;;;;
Obs222;2;20,574;;;;;;;;;
Obs223;2;21,574;;;;;;;;;
Obs224;2;22,574;;;;;;;;;
Obs225;2;25,574;;;;;;;;;
Obs226;2;26,574;;;;;;;;;
Obs227;2;27,574;;;;;;;;;
Obs228;2;28,574;;;;;;;;;
Obs229;2;29,574;;;;;;;;;
Obs230;2;32,574;;;;;;;;;
Obs231;2;33,574;;;;;;;;;
Obs232;2;34,574;;;;;;;;;
Obs233;2;35,574;;;;;;;;;
Obs234;2;36,574;;;;;;;;;
Obs235;2;39,574;;;;;;;;;
Obs236;2;40,574;;;;;;;;;
Obs237;2;41,574;;;;;;;;;
Obs238;2;42,574;;;;;;;;;
Obs239;2;43,574;;;;;;;;;
Obs240;2;46,574;;;;;;;;;
Obs241;2;47,574;;;;;;;;;
Obs242;2;48,574;;;;;;;;;
Obs243;2;49,574;;;;;;;;;
Obs244;2;50,574;;;;;;;;;
Obs245;2;53,574;;;;;;;;;
Obs246;2;54,574;;;;;;;;;
Obs247;2;55,574;;;;;;;;;
Obs248;2;57,574;;;;;;;;;
Obs249;2;60,574;;;;;;;;;
Obs250;2;61,574;;;;;;;;;
Obs251;2;62,574;;;;;;;;;
Obs252;2;63,574;;;;;;;;;
Obs253;2;64,574;;;;;;;;;
Obs254;2;67,574;;;;;;;;;
Obs255;2;68,574;;;;;;;;;
Obs256;2;69,574;;;;;;;;;
Obs257;2;70,574;;;;;;;;;
Obs258;2;71,574;;;;;;;;;
Obs259;2;74,574;;;;;;;;;
Obs260;2;75,574;;;;;;;;;
Obs261;2;76,574;;;;;;;;;
Obs262;2;77,574;;;;;;;;;
Obs263;2;78,574;;;;;;;;;
Obs264;2;81,574;;;;;;;;;
Obs265;2;82,574;;;;;;;;;
Obs266;2;83,574;;;;;;;;;
Obs267;2;84,574;;;;;;;;;
Obs268;2;85,574;;;;;;;;;
Obs269;3;93,062;;;;;;;;;
Obs270;3;92,062;;;;;;;;;
Obs271;3;91,062;;;;;;;;;
Obs272;3;90,062;;;;;;;;;
Obs273;3;86,062;;;;;;;;;
Obs274;3;85,062;;;;;;;;;
Obs275;3;84,062;;;;;;;;;
Obs276;3;83,062;;;;;;;;;
Obs277;3;80,062;;;;;;;;;
Obs278;3;79,062;;;;;;;;;
Obs279;3;78,062;;;;;;;;;
Obs280;3;77,062;;;;;;;;;
Obs281;3;76,062;;;;;;;;;
Obs282;3;72,062;;;;;;;;;
Obs283;3;71,062;;;;;;;;;
Obs284;3;70,062;;;;;;;;;
Obs285;3;69,062;;;;;;;;;
Obs286;3;66,062;;;;;;;;;
Obs287;3;65,062;;;;;;;;;
Obs288;3;64,062;;;;;;;;;
Obs289;3;63,062;;;;;;;;;
Obs290;3;62,062;;;;;;;;;
Obs291;3;59,062;;;;;;;;;
Obs292;3;58,062;;;;;;;;;
Obs293;3;57,062;;;;;;;;;
Obs294;3;56,062;;;;;;;;;
Obs295;3;55,062;;;;;;;;;
Obs296;3;52,062;;;;;;;;;
Obs297;3;51,062;;;;;;;;;
Obs298;3;50,062;;;;;;;;;
Obs299;3;49,062;;;;;;;;;
Obs300;3;48,062;;;;;;;;;
Obs301;3;45,062;;;;;;;;;
Obs302;3;44,062;;;;;;;;;
Obs303;3;43,062;;;;;;;;;
Obs304;3;42,062;;;;;;;;;
Obs305;3;41,062;;;;;;;;;
Obs306;3;37,062;;;;;;;;;
Obs307;3;36,062;;;;;;;;;
Obs308;3;35,062;;;;;;;;;
Obs309;3;34,062;;;;;;;;;
Obs310;3;31,062;;;;;;;;;
Obs311;3;30,062;;;;;;;;;
Obs312;3;29,062;;;;;;;;;
Obs313;3;28,062;;;;;;;;;
Obs314;3;27,062;;;;;;;;;
Obs315;3;24,062;;;;;;;;;
Obs316;3;23,062;;;;;;;;;
Obs317;3;22,062;;;;;;;;;
Obs318;3;21,062;;;;;;;;;
Obs319;3;20,062;;;;;;;;;
Obs320;3;17,062;;;;;;;;;
Obs321;3;16,062;;;;;;;;;
Obs322;3;15,062;;;;;;;;;
Obs323;3;14,062;;;;;;;;;
Obs324;3;13,062;;;;;;;;;
Obs325;3;10,062;;;;;;;;;
Obs326;3;9,062;;;;;;;;;
Obs327;3;8,062;;;;;;;;;
Obs328;3;7,062;;;;;;;;;
Obs329;3;6,062;;;;;;;;;
Obs330;3;3,062;;;;;;;;;
Obs331;3;2,062;;;;;;;;;
Obs332;3;1,062;;;;;;;;;
Obs333;3;0,062;;;;;;;;;
Obs334;3;0,938;;;;;;;;;
Obs335;3;3,938;;;;;;;;;
Obs336;3;4,938;;;;;;;;;
Obs337;3;5,938;;;;;;;;;
Obs338;3;6,938;;;;;;;;;
Obs339;3;10,938;;;;;;;;;
Obs340;3;11,938;;;;;;;;;
Obs341;3;12,938;;;;;;;;;
Obs342;3;13,938;;;;;;;;;
Obs343;3;14,938;;;;;;;;;
Obs344;3;17,938;;;;;;;;;
Obs345;3;18,938;;;;;;;;;
Obs346;3;19,938;;;;;;;;;
Obs347;3;20,938;;;;;;;;;
Obs348;3;21,938;;;;;;;;;
Obs349;3;24,938;;;;;;;;;
Obs350;3;25,938;;;;;;;;;
Obs351;3;26,938;;;;;;;;;
Obs352;3;27,938;;;;;;;;;
Obs353;3;28,938;;;;;;;;;
Obs354;3;31,938;;;;;;;;;
Obs355;3;32,938;;;;;;;;;
Obs356;3;33,938;;;;;;;;;
Obs357;3;34,938;;;;;;;;;
Obs358;3;35,938;;;;;;;;;
Obs359;3;38,938;;;;;;;;;
Obs360;3;39,938;;;;;;;;;
Obs361;3;40,938;;;;;;;;;
Obs362;3;41,938;;;;;;;;;
Obs363;3;42,938;;;;;;;;;
Obs364;3;45,938;;;;;;;;;
Obs365;3;46,938;;;;;;;;;
Obs366;3;47,938;;;;;;;;;
Obs367;3;48,938;;;;;;;;;
Obs368;3;49,938;;;;;;;;;
Obs369;3;52,938;;;;;;;;;
Obs370;3;53,938;;;;;;;;;
Obs371;3;54,938;;;;;;;;;
Obs372;3;55,938;;;;;;;;;
Obs373;3;56,938;;;;;;;;;
Obs374;3;60,938;;;;;;;;;
Obs375;3;61,938;;;;;;;;;
Obs376;3;62,938;;;;;;;;;
Obs377;3;63,938;;;;;;;;;
Obs378;3;66,938;;;;;;;;;
Obs379;3;67,938;;;;;;;;;
Obs380;3;68,938;;;;;;;;;
Obs381;3;69,938;;;;;;;;;
Obs382;3;70,938;;;;;;;;;
Obs383;3;73,938;;;;;;;;;
Obs384;3;74,938;;;;;;;;;
Obs385;3;75,938;;;;;;;;;
Obs386;3;76,938;;;;;;;;;
Obs387;3;77,938;;;;;;;;;
Obs388;3;81,938;;;;;;;;;
Obs389;3;82,938;;;;;;;;;
Obs390;3;83,938;;;;;;;;;
Obs391;3;84,938;;;;;;;;;
Obs392;3;87,938;;;;;;;;;
Obs393;3;88,938;;;;;;;;;
Obs394;3;89,938;;;;;;;;;
Obs395;3;90,938;;;;;;;;;
Obs396;3;91,938;;;;;;;;;
Obs397;4;90,781;;;;;;;;;
Obs398;4;88,781;;;;;;;;;
Obs399;4;87,781;;;;;;;;;
Obs400;4;86,781;;;;;;;;;
Obs401;4;83,781;;;;;;;;;
Obs402;4;82,781;;;;;;;;;
Obs403;4;81,781;;;;;;;;;
Obs404;4;80,781;;;;;;;;;
Obs405;4;79,781;;;;;;;;;
Obs406;4;76,781;;;;;;;;;
Obs407;4;75,781;;;;;;;;;
Obs408;4;74,781;;;;;;;;;
Obs409;4;73,781;;;;;;;;;
Obs410;4;72,781;;;;;;;;;
Obs411;4;69,781;;;;;;;;;
Obs412;4;68,781;;;;;;;;;
Obs413;4;67,781;;;;;;;;;
Obs414;4;66,781;;;;;;;;;
Obs415;4;65,781;;;;;;;;;
Obs416;4;62,781;;;;;;;;;
Obs417;4;61,781;;;;;;;;;
Obs418;4;60,781;;;;;;;;;
Obs419;4;59,781;;;;;;;;;
Obs420;4;58,781;;;;;;;;;
Obs421;4;55,781;;;;;;;;;
Obs422;4;54,781;;;;;;;;;
Obs423;4;53,781;;;;;;;;;
Obs424;4;52,781;;;;;;;;;
Obs425;4;51,781;;;;;;;;;
Obs426;4;48,781;;;;;;;;;
Obs427;4;47,781;;;;;;;;;
Obs428;4;46,781;;;;;;;;;
Obs429;4;45,781;;;;;;;;;
Obs430;4;44,781;;;;;;;;;
Obs431;4;41,781;;;;;;;;;
Obs432;4;40,781;;;;;;;;;
Obs433;4;39,781;;;;;;;;;
Obs434;4;38,781;;;;;;;;;
Obs435;4;37,781;;;;;;;;;
Obs436;4;34,781;;;;;;;;;
Obs437;4;33,781;;;;;;;;;
Obs438;4;32,781;;;;;;;;;
Obs439;4;31,781;;;;;;;;;
Obs440;4;30,781;;;;;;;;;
Obs441;4;26,781;;;;;;;;;
Obs442;4;25,781;;;;;;;;;
Obs443;4;24,781;;;;;;;;;
Obs444;4;23,781;;;;;;;;;
Obs445;4;20,781;;;;;;;;;
Obs446;4;19,781;;;;;;;;;
Obs447;4;18,781;;;;;;;;;
Obs448;4;17,781;;;;;;;;;
Obs449;4;16,781;;;;;;;;;
Obs450;4;13,781;;;;;;;;;
Obs451;4;12,781;;;;;;;;;
Obs452;4;11,781;;;;;;;;;
Obs453;4;10,781;;;;;;;;;
Obs454;4;9,781;;;;;;;;;
Obs455;4;6,781;;;;;;;;;
Obs456;4;5,781;;;;;;;;;
Obs457;4;4,781;;;;;;;;;
Obs458;4;3,781;;;;;;;;;
Obs459;4;2,781;;;;;;;;;
Obs460;4;0,219;;;;;;;;;
Obs461;4;1,219;;;;;;;;;
Obs462;4;2,219;;;;;;;;;
Obs463;4;3,219;;;;;;;;;
Obs464;4;4,219;;;;;;;;;
Obs465;4;7,219;;;;;;;;;
Obs466;4;8,219;;;;;;;;;
Obs467;4;9,219;;;;;;;;;
Obs468;4;10,219;;;;;;;;;
Obs469;4;11,219;;;;;;;;;
Obs470;4;14,219;;;;;;;;;
Obs471;4;15,219;;;;;;;;;
Obs472;4;16,219;;;;;;;;;
Obs473;4;17,219;;;;;;;;;
Obs474;4;18,219;;;;;;;;;
Obs475;4;21,219;;;;;;;;;
Obs476;4;22,219;;;;;;;;;
Obs477;4;23,219;;;;;;;;;
Obs478;4;24,219;;;;;;;;;
Obs479;4;25,219;;;;;;;;;
Obs480;4;28,219;;;;;;;;;
Obs481;4;29,219;;;;;;;;;
Obs482;4;30,219;;;;;;;;;
Obs483;4;31,219;;;;;;;;;
Obs484;4;32,219;;;;;;;;;
Obs485;4;35,219;;;;;;;;;
Obs486;4;36,219;;;;;;;;;
Obs487;4;37,219;;;;;;;;;
Obs488;4;38,219;;;;;;;;;
Obs489;4;39,219;;;;;;;;;
Obs490;4;42,219;;;;;;;;;
Obs491;4;43,219;;;;;;;;;
Obs492;4;44,219;;;;;;;;;
Obs493;4;45,219;;;;;;;;;
Obs494;4;46,219;;;;;;;;;
Obs495;4;49,219;;;;;;;;;
Obs496;4;50,219;;;;;;;;;
Obs497;4;51,219;;;;;;;;;
Obs498;4;53,219;;;;;;;;;
Obs499;4;56,219;;;;;;;;;
Obs500;4;57,219;;;;;;;;;
Obs501;4;58,219;;;;;;;;;
Obs502;4;59,219;;;;;;;;;
Obs503;4;60,219;;;;;;;;;
Obs504;4;63,219;;;;;;;;;
Obs505;4;64,219;;;;;;;;;
Obs506;4;65,219;;;;;;;;;
Obs507;4;66,219;;;;;;;;;
Obs508;4;67,219;;;;;;;;;
Obs509;4;70,219;;;;;;;;;
Obs510;4;71,219;;;;;;;;;
Obs511;4;72,219;;;;;;;;;
Obs512;4;73,219;;;;;;;;;
Obs513;4;74,219;;;;;;;;;
Obs514;4;77,219;;;;;;;;;
Obs515;4;78,219;;;;;;;;;
Obs516;4;79,219;;;;;;;;;
Obs517;4;80,219;;;;;;;;;
Obs518;4;81,219;;;;;;;;;
Obs519;4;85,219;;;;;;;;;
Obs520;4;86,219;;;;;;;;;
Obs521;4;87,219;;;;;;;;;
Obs522;4;88,219;;;;;;;;;
Obs523;4;92,219;;;;;;;;;
Obs524;4;93,219;;;;;;;;;
